{
    "type": "botanypots:crop",
    "seed": {
      "item": "allthemodium:soul_sapling"
    },
    "categories": [
      "dirt"
    ],
    "growthTicks": 2400,
    "display": {
      "block": "allthemodium:soul_sapling"
    },
    "drops": [
      {
        "chance": 1.00,
        "output": {
          "item": "allthemodium:soul_log"
        },
        "minRolls": 2,
        "maxRolls": 4
      },
      {
        "chance": 0.10,
        "output": {
          "item": "minecraft:stick"
        },
        "minRolls": 1,
        "maxRolls": 2
      },
      {
        "chance": 0.05,
        "output": {
          "item": "allthemodium:ancient_soulberries"
        },
        "minRolls": 1,
        "maxRolls": 2
      },
      {
        "chance": 0.15,
        "output": {
          "item": "allthemodium:soul_sapling"
        }
      }
    ]
  }
