{
	"__comment": "Instructions: https://blakesmods.com/docs/cucumber/tags-config",
	"forge:dusts/niter": "chemlib:potassium_nitrate_dust",
	"forge:ingots/steel": "alltheores:steel_ingot",
	"forge:ingots/invar": "alltheores:invar_ingot",
	"forge:ingots/brass": "alltheores:brass_ingot",
	"forge:ingots/platinum": "alltheores:platinum_ingot",
	"forge:ingots/electrum": "alltheores:electrum_ingot",
	"forge:ingots/titanium": "chemlib:titanium_ingot",
	"forge:ingots/uranium": "alltheores:uranium_ingot",
	"forge:gems/apatite": "null",
	"forge:ingots/constantan": "alltheores:constantan_ingot",
	"forge:ingots/graphite": "biggerreactors:graphite_ingot",
	"forge:dusts/saltpeter": "immersiveengineering:dust_saltpeter",
	"forge:ingots/lead": "alltheores:lead_ingot",
	"forge:gems/ruby": "alltheores:ruby",
	"forge:gems/sapphire": "alltheores:sapphire",
	"forge:ingots/mithril": "null",
	"forge:ingots/nickel": "alltheores:nickel_ingot",
	"forge:ingots/iridium": "alltheores:iridium_ingot",
	"forge:ingots/zinc": "alltheores:zinc_ingot",
	"forge:rubber": "null",
	"forge:ingots/bronze": "alltheores:bronze_ingot",
	"forge:dusts/sulfur": "mekanism:dust_sulfur",
	"forge:ingots/chrome": "null",
	"forge:ingots/aluminum": "alltheores:aluminum_ingot",
	"forge:ingots/tungsten": "chemlib:tungsten_ingot",
	"forge:silicon": "ae2:silicon",
	"forge:ingots/silver": "alltheores:silver_ingot",
	"forge:ingots/tin": "alltheores:tin_ingot",
	"forge:dusts/signalum": "alltheores:signalum_dust",
	"forge:dusts/iron": "alltheores:iron_dust",
	"forge:dusts/emerald": "mekanism:dust_emerald",
	"forge:dusts/uranium": "alltheores:uranium_dust",
	"forge:dusts/graphite": "biggerreactors:graphite_dust",
	"forge:dusts/zinc": "alltheores:zinc_dust",
	"forge:dusts/lumium": "alltheores:lumium_dust",
	"forge:dusts/osmium": "alltheores:osmium_dust",
	"forge:dusts/potassium_nitrate": "chemlib:potassium_nitrate_dust",
	"forge:dusts/nickel": "alltheores:nickel_dust",
	"forge:dusts/lead": "alltheores:lead_dust",
	"forge:dusts/bronze": "alltheores:bronze_dust",
	"forge:dusts/cobalt": "chemlib:cobalt_dust",
	"forge:dusts/tungsten": "chemlib:tungsten_dust",
	"forge:dusts/silver": "alltheores:silver_dust",
	"forge:dusts/coal": "mekanism:dust_coal",
	"forge:dusts/iridium": "alltheores:iridium_dust",
	"forge:dusts/steel": "alltheores:steel_dust",
	"forge:dusts/ruby": "alltheores:ruby_dust",
	"forge:dusts/diamond": "alltheores:diamond_dust",
	"forge:dusts/enderium": "alltheores:enderium_dust",
	"forge:dusts/electrum": "alltheores:electrum_dust",
	"forge:dusts/constantan": "alltheores:constantan_dust",
	"forge:dusts/aluminum": "alltheores:aluminum_dust",
	"forge:dusts/obsidian": "mekanism:dust_obsidian",
	"forge:dusts/tin": "alltheores:tin_dust",
	"forge:dusts/netherite": "mekanism:dust_netherite",
	"forge:dusts/brass": "alltheores:brass_dust",
	"forge:dusts/charcoal": "mekanism:dust_charcoal",
	"forge:dusts/peridot": "alltheores:peridot_dust",
	"forge:dusts/gold": "alltheores:gold_dust",
	"forge:dusts/coal_coke": "immersiveengineering:dust_coke",
	"forge:dusts/platinum": "alltheores:platinum_dust",
	"forge:dusts/fluorite": "mekanism:dust_fluorite",
	"forge:dusts/sapphire": "alltheores:sapphire_dust",
	"forge:dusts/copper": "alltheores:copper_dust",
	"forge:dusts/lapis": "mekanism:dust_lapis_lazuli",
	"forge:dusts/invar": "alltheores:invar_dust",
	"forge:ingots/osmium": "alltheores:osmium_ingot",
	"forge:ingots/netherite": "minecraft:netherite_ingot",
	"forge:ingots/lumium": "alltheores:lumium_ingot",
	"forge:ingots/signalum": "alltheores:signalum_ingot",
	"forge:ingots/gold": "minecraft:gold_ingot",
	"forge:ingots/copper": "minecraft:copper_ingot",
	"forge:ingots/enderium": "alltheores:enderium_ingot",
	"forge:ingots/cobalt": "chemlib:cobalt_ingot",
	"forge:ingots/iron": "minecraft:iron_ingot"
}